mmddyy,hh:mm:ss,Key,Value,example1,example2,example3
72518,0:22:01,>D1 207.175833 1.000000,MEEVAVKKRGRPSKASVGGKSSTAAVAAISPGIKKRGRPAKNKGSSGGGGQRGRPPKASKIQNDEDPEDEGEEDGDGDGSGAELANNSSPSPTKGRGRPKSSGGAGSGSGDSVKTPGSAKKRKAGRPKKHQPSDSENEDDQDEDDDGNSSIEERRPVGRPSAGSVNLNISRTGRGLGRPKKRAVESNGDGEPQVPKKRGRPPQNKSGSGGSTGYVPTGRPRGRPKANAAPVEKHEDNDDDQDDENSGEEEHSSPEKTVVAPKKRGRPSLAAGKVSKEETTKPRSRPAKNIDDDADDADSADQGQHNSKKESNDEDRAVDGTPTKGDGLKWNSDGENDANDGYVSDNYNDSESVAA,,,
72518,0:22:01,>cic 59.928933 0.938824,MHAPPPQQQPLQQQHHHHQPPPPPPASLPAPSAPPTSGSSSSHNSVGHATSVIRISSSQQQHQQQQQHQQQAHPHVVVSGGQTFHPVIVDATQLSVPLPPTTVSFHQPNTPTSTAASVASMSQDKMLAKNGYNAPWFKLLPHMTPMSKASPAPVTPTLTTSASSYNVVMMQQQQQHQQLQQQQQLQQQQQSPPQMPLNHNNNHLIVSAPLSSPGKPLNCSMNDAKVAAAAAAAAVANQRQKQQQEEPDDQLDDDVFETTTPGISANSKKQTAAMRLPTHNSNIRKLEECHDDGAAGAPATSAAKRRSQSLSALQQQQQQQQQAGAAGTAAGQPANKKIRRPMNAFMIFSKKHRKMVHKKHPNQDNRTVSKILGEWWYALKPEQKAQYHELASSVKDAHFKLHPEWKWCSKDRRKSSTSTATPGGKASGAAGTGDAKQRLVSVDGSDSLEHDMCPSTPGGSGSCGGQGISSDLQGDIIPLTIDNYNSTCDEAPTTISMKGNGNGKLMKNELPSDEDEQMLVVEEEQQQQTVKKIDLHCRERVNDSDMDDTPFDYRKQQPEANQRSAEEHSTSGANGQAINAPPLSGGEREITLKPKAIKAHPVLESNMLPYTQMSIYTQYTSPKNPIGVTPFQPTGGAFKSMPISPKGSGGKPEDAGSLQAHIKQEDIKQEPPSPYKLNNGSGSASGGGVVSAPPPNSGSVGAIFNFNVPTATALSQKQFHYPMHHPHRSPTDLRAAHQACVPSSPAGMGLGHAANIATPPASAPAQIMGGGPASQKMFFAMTHPYTLLQRSHQPGTPSLEHLQLDAFAPGGYTLRNHNGLSSLPPPVSAQPTMLLHGYPPSHGVEPPARSPSYKSMPSTPKSATYLMSAPPERGMDGGMSGCASAAASGGDESDIDADGQQFILAPTPAQLGRAPLQRRKNLSQSKSESNVSFGANLGASNGQHISRKLHSPTMMESSSPIIGHVNSSNLSSALPTPTSSTTTPNSDEQLPLTPTTSSSNSNLNQQQPKSPMKGAPGSTAAALKKKNDEMNNVLKQVDFEKKYKALPQFQPEDCQSPSAIAVPSSPRVYGTNYRKKNTAPPPVQKLMCEDDSIDEPASAPPTTTQRFFGPDFNNELKDERLAELESSDQTGRSPRTPKTPLQSARSDASEKGHRKVLETRRSLVLQLFAEHGNFPTAQATMAFQSKHSDVFPRKQDLQLKIREVRQKLLGQASCTPHSAGPNTPSDSNSSSTTLSASSTSLNMQTTSAAGGHQQQHSEQQPHSATKATESDAKYK,,,
72518,0:22:01,>sbb 56.830483 0.927039,MESMRRNEANTSHHPNKVALNSSNVATESNIKNNKLLANLSAAGAATATTATTGTATTTTATTANQALNFNNKTKATANATAASANNRHNNNNNSSAIKKHTNTKQLAGKSPACNSSSSSLSSSSSSNSSESKDTNFEYEDEWNIGGIPELLDDLDADIEKSAHSSGGGNQATALNAKQANSSSTSSSSSSKGGASSSSSSAAATGSSSSHKSHKTTLHSNLSATSPTTIKFTRQPVAIGGANSSSSSSAAAAPSGGSANVVAKGSSSSSSSTSSSSSGKHHHHHHHHSNSSSSGSSSKGYKSALVAQLNSPSPLNSNSKSLSGSGSGSGNTNGAAGAGAGSTLSSSTFAGFSKGGSLVSSSAGAAAALAAGSGQQGSKFSAGGMSSQTGSGSGGNNTSNSNNSSSGSGGSGSGSSTGNTASGSGNNNSTSAGGPPSSQGGNNGNGSGSSSSSSSGKSSAKMSIDHQATLDKGLKMKIKRTKPGTKSSEAKHEIVKATDQQQNGALGAGSNNSANEDGSSGSSSTNASSLGSTNSSSSASSGSSSSSGSSSSSSKKHLNNASSGSGSSSSGGGSQNNASGHASGGGSSGSSQSTPQGTKRGSSGHRREKTKDKNAHSNRMSVDKSAAAASAAGEKDTPEKCSGTGAGGSPCSCNGDVGAPCSHHACIRRAAHMSNSAGNANSSAGTGQSGGSSSMSAVPPGVFTPSAGSPSTGSPSTVVPAAASLLAATGAASSSASQMASSSAGGVGGSGGGANAPGPPGKESAGSIKISSHIAAQLAAAAASNSYSGSGANTNQGQNSNAGGNGGSESKAAAAAQAKLMAPGMISATMHHTISVPAGTGTGDDDTKSPPAKRVKHEAGASGAGGGKEMVDICIGTSVGTITEPDCLGPCEPGTSVTLEGIVWHETEGGVLVVNVTWRGKTYVGTLLDCTRHDWAPPRFCDSPTEELDSRTPKGRGKRGRSAGLTPDLSNFTETRSSIYFSHAQVHSKLRNGATKGRGATRSASGNAAANSNSSSSGNGGGATPSTSPTAFLPPRPEKRKSKDEAPSPLNGDASDGASVGGIGGAGGVNMVNASGIPISASGGGLATQPQSLLNPVTGLNVQISTKKCKTASPCAISPVLLECPEQDCSKKYKHANGLRYHQSHAHGAGGGASSMDEDSMQAPEDPATPPSPGVASGTGSGASVASSAVPATAPSAGQGTVAVSPNTPLANSSNPVTNGNVAPSAPATGSVTIAAPNTTPSVVETQAPLTGPPPVTPPAPTPICAVATPGAEQSVSSVLPLGNLPLTAGPNSATQQQQPPTQQQQPQLLVPGGSAASLQQQQQQQQPVAGGSITAGISGQALSQHQQQLMGGLPAMLSDQQQQALLQQGALKAGVLRFGPPDGNPLQQQPGQASVNPQTQQSPPRPPSHVQDQQTPSAYAQQAGLKTSPGFGSVGVGAASSKQKKNRKSPGPSDFEGRVSREDVQSPAYSDISDDSTPVAEQEMLDKSVGQAVTAKHIELMGKKPTEVGVGVPPPPAPNMYVPGMYQFYPAQQQSAPPPQQQQQQPQYMVQTEPGKPPGLPPALTQAQQQQQLQPGAPPPTSQPPSHLLGPPGQQSVAAHLADYSGKNKDPPLDLMTKPQPQPGQPPSQQQQSGQLSGQENNGKDVGPPTSQPGSQPPPVNLSAVAGPPPGSLPPGLGGLSALGAAGLGGPGPGKGMPHFYPFNFIPPAYPYNVDPNFGSVSIVASEEAAKLSGHPGLPPSSQAQQLSGISIKEERLKESPSPHDQPKHMPSQQQMIASKLIKQEPMTKQEIKQEPNSNPGQQHPPPQQQPAPQPQQQQPPPPQPQQPHALHPKDLQALGAYPAIYQRHSINLAVQQAREEELRRYYMFTGRQNSAAAAAAAAAQNAASGGLPPHPGMMHKDEPGMGSAAQQQQQQQQQQMQIAQQQQQAIQQHHQHLQQQHQAQQQQQQQQHQQQQQQQQQQQQQQQQQQQQQKLKQSQAASAGANNKATNLTKDSPKQKGGDDDQPLKVKQEGQKPTMETQGPPPPPTSQYFLHPSYISPTPFGFDPNHPMYRNVLMSAAGPYNTAPYHLPIPRPYHAPEDLSRNTGTKALDALHHAASQYYTTHKIHELSERALKSPTSGSGPVKVSVSSPSIGPPQPGGPTSSGPGSGPVSGVLGPGSGSNQQPGSAPGSAGGVPLNLQPPPGGMGPSPGSKPDLSGPKGHGGVTPGSSLDGHKQSMPGGPPPNGPSGNGAVGGVGGAAGNGAAGGGGAGAADSRSPPPQRHVHTHHHTHVGLGYPMYPAPYGAAVLASQQAAAVAVINPFPPGPSKXDPLNGNNEKKAYNVKNN,,,
72518,0:22:01,>Alh 74.372883 0.926180,MMMMDTMDTSQSQPMDVAPAVAVAATSGAALVDFTAAMVSMAATAEAESAESNNNHIDMAEYKEHRKNKKKKREKREREGKEHRHHKHRDREHREHRRHRDRDRDKERDREGHHHHPTHHHPNNSQHSTSASSSPSSASTTPSATIEYVGGSASASPSYLGGGATGTGAAVGATTTYPHNLKIRFLLSGQRTELSPPTHQTSATAEVNAPLASSTSASIAVTASATAASAPPATGTTTLGSSISGNAGSTSSGNSSGVSATGGAQSAVGSGGYPKTESSKSSGTASAGSGSGSSSNTSSTKHGSNIKDISSSSNQQASTASSSSAPSLYVSVPLSTANVPGINLPTSSTSSSTTSESHSASSRSSGAQSQHQQQLSNALVGPPMGGSAGAFHGGTTSAGSSSVIQQQSGKSSPALGTLVSGNSGGSIISASGFPLPSGNLTATTTESGNLKISYEKQTTRVQQLQEQEAPPARRSRSRSGESGSSHHHAHAHHHHHHPTHHNSHHQQNPQQQQQLHQQQQQNASSHMHACTNSSSSTSTSTTSSSLSGGTAPATSSSNSKGPSRSGKKRGAAMNKSESTSVATTATPATVAATPAEKQSRHSSPHYSATPTPPPTSTLPPVVSSPVVMLQSLSSSSIDSPPATAAAGATSNSRNTRNNSSNGNHNGEQTSSSSSSSSSSSSGGGGTSGAANVVNLLDSPVNMSASGNYRSSSNSTGNALPAASSNASQAKPLNKKMLRAQQTQLYQQQQQQQQYAPPARSISPTNLSSASASNSASLTHLQQQQQSHQQHEDLEILQFTNTNTTASSNTPTSKPNNRTLDLSTASASSSSPSAVPATTSPLVVLSNQLPLNSVAASSSTGGLKFTYESQTQMDVPMMPVSAIKDSPPSSPGSEIGSAMHSATTAPGSLTGASTAATAQPGNVRKRGRKAKDATIAAAAAAAAAAAALSNSQQDLKDVRILQNGASNTPGNPAGSTPTPPATPASSNAVSSASSIITHTAAHMLGNQINPNSSVAQKLSEQLHMEVQDHSIYTPDSMNSQYAGVPFPGKQRNSTAVPSNATPAQNPLQSMFSGGGMNGNMPIPQSLEQLLERQWEQGSQFLMEQAQHFDIASLLNCLHQLQSENLRLEEHVTSLIARRDHLLAVNARLQIPLSTIASNTKAEAHGK,,,
72518,0:22:01,>CG9776 68.913867 0.906569,MQFLNQNPNYEIEWQTNRERAMNQQKDHDDAKNKKSKKDEDKASKKRKKKGGDKKKKKRKHGKKSKRSTIDANSTSSSSDSSSSEEENGQQPKKGRTEQQPICQSDKSTNAASIRVAMRKQESTPTNLKPEVPCQPVVPPPPPIIKDSTIPSERGKWTAASVEDQSKDQKNRDDTMLKQWNNVQPVISESEKKLLEQLKGRLKNKGARDQNNHKAVPTEANDEKFRRGGGRHSRSRSKRRSYSRSISRGRDRDRRDRERDRDRGRRRRSRSRGRHFSRSPIRSSRRSRSRQGRSRRSRSRSIERVERPVVKHSEFRPRTVPERKQTDIKRDKKDAESKSKSSKPSNNSLPGGKKLPFIGKMPVFKKQSVPSFNYDASAVYTNGCLEAPPPPPPPLGGATSQIAVRQQAPTAAQIQMAMMEDAFGNAPPFHPDAGMMVDYDELMPDPVQFANLMTSCPPPPPPGEGSEGDAHGPEDGDQHDNENREDVLPPGIDEAESALVPHPLDAAAQSRDGELPKDLVEALDIIFPSDVAILEASNGNSEKQEDVTITTIVEDDAVLSVIHLQDLAKEGIHLVTINEAEVPKKSHIQTSEKIEKLQDLNGKSDDGVNIKLIDAEDIPMPNSPPAEPSFDEETKSKALQKQADISEIPEPAVSPSDSEKLRRQSELDELAMLGIDRSDMAAQCM,,,
72518,0:22:01,>Gug 47.313400 0.904186,MAASTQGEIRVGPGHQAKLPDYNPISSFPIDKETDERELEESRWSPGVVADGDLLMFLRAARSMAAFQGMCDGGLEDGCLAASRDDTTINALDVLHDSGYDPGKALQALVKCPVSKGIDKKWTEDETKKFIKGLRQFGKNFFRIHKDLLPHKDTPELVEFYYLWKKTPGANNNRPHRRRRQSALRRNRVTRANNSNSNTPPKKEDTPEPQTATTATAAATAASETASRSSPAVSKEENSSLTEDDASECDSDSSLTHKRDESPSRMRTRNKQQNNNSSTSSGNNTAGNGGGNATSISSGSTGGGAAGGNSSSKDQSANAVANGKRPKRGSETPDVSGGASVDSPKTPTKAVAESSANKRKGGKQDTPNKKKRTEQESNEPSAHEENAIKEKRKRPDSPVESMNSDSRPDSVLDDGESNTTDTTTAEQQSTKDSKETVSCKEEREMVTNDLEAKAEEKAIKAEALAEDSKDSAIKNMDEETNIQAPSSADTSLVDGPNPNALPSPVAAPITMKVPTIATVEALNASVDRKEAIEKMESCDSDPEMLKKLATIKQEVSPQQQQHMQQQSQQQMQQQLAPVGIPQPPSCPPSESVYIKKEPMEDSMDATCNQNSNEPQDLKVKIEIKNEDALKHSAGGLPPSGPCAPPSALHPLSGAPVESGQEPLHLQHMPHGQVTTQPPPGYLIDGQLKYGPSGQGVPPQPPQLHSDAAGGVSGAPPGAPTTPQKYPPEMEMKFAPQDLKYPPPPPLDALKYSQEMQAAAAAAAAAGKYDMKYMMEQQGKYNVELSAAHQPPSKPGYQDSLKIPDIKPGFGHLPHNVGSPLDAAHKYGPPPTSQESQQQQPQPPAHQVPPGATPPPGIAMPKPHYQHDVQTPPLGRPFEPTGLMLKYGDPLAAKYGPPQDLKYPMPPVSQAGPADVKPYGGENLIKSSPYGPPPESPIDASARSTPGQDSQGSNSNSQPPSMPPQPQQFQSPHPSPHMPSPAGGGLPPGMHPQNLIHGPPPGAAGGSGPQPPPPPTSLHQPTPTSAGPPSLQHGLHPGHQHSQLSVASSIPPSSIGIPPTLSTMAPSHMHPHLHPHAHLQGLHRPHDLPPSMHPHAPMPLSLQGHPQHGHGLPPSHTSQQQQQQQQQQQPGGPAGTVRTPSPAQQPPRSMHDPQSSREPPTSQPSTTMAGSSGPGGPPPQQSPHAHRTSPLPGLAGSGPPPPGLIGHPMAIHPHLAHLPPGHPAHAALAHPGHHLLSHSIAGLGPGGGPIALLAGPGGLGGIPESALSRRTPPSHLPHSHASSAPLTAHSVASMTSTSMSLTTSTVPSSAFSRASPSVQISSSGGGPSGPGSVGPGGMPNSSAAAAAAAAAHRAASPASSVSSLSRQSPLHPVPQSPLSHHPSSSALSAAAAAVAERDRHALMRQQSPHMTPPPVSNASLMASPLSKMYAPQPGQRGLGTSPPPHLRPGASPPVIRHPQMPLPLPLIAPGGGIPQIGVHPGQSPYPHPLLHPSVFYSPHHHPFNSPYGYAPYGPGFPAYMKPPPQPGQLDPAAVMAAHHAGLQGPPPQQMRQDEQNAAAAAAQAAAEKQHQAAAAAAAQQHKAPQQQQPGGMPPNKPPTPKTPQGPGGGMPPGMGGPGTPTGLPPGAYPGSHMPGYPQGPPHGSPFAPQDGQPHGLKPTSHMDALRAHAHSANSAGMGGGHHPTEPLPIDIEPDPEPEIPSPTHNIPRGPSPEAKPDDTECHRSQSAIFVRHIDRGDYNSCTRTDLIFKPVADSKLARKREERDRKLAEKERERRQQQQQQQQQQQQQQAAAAQQAAQQAKMKAELKPPYADTPALRQLSEYARPHVAFRELEEIKNAQAAAASQSRLDPHWMEYYRRGIHPSQFPLYANPAISQMERERLGIPPPHHVGLDPGEHMIRLTREYHAHSHTHLHLPLHPQPQPPEAGFQLPPNVGQYPRPNMLIPREPHSDVLLRMSYADQLQYLQAAEFQRQSLHDQYFRQRPR,,,
72518,0:22:01,>zld 61.666233 0.903860,MTSIKTEMPPLHAAEALASSSATDSGGGGAGGGGGGGGGGSGGPGAGGTGGVGSAPATPNATISAAADSSDNQPGTPQPTQQQQSTQQQLQQPQSQQQQQQAMGGGDPQQQQQQQQVTGITHQPYATHHMYSASGGQQQQQQQIYGGLYGGDMQQQQGYASSYINSYEQFYQQQQQQQQGTDYAFGTVGVDYGKSAGVRYHPYLQTPTSGLGGIPTASSAQEEAGSAPSAVSTTTAVAMSPRVVSSSSPTSTSSHLQLGSSSGQTPGSPGGAAGSAGCKLQCKKCGILTTNESELQEHIANVHGESPYGSSGYASSPYIKEEMPTPQPPGVGSATANPGELLDLDSQKMVYHQQLLQQQQQQHDVVAGLPLGALPDPLHSMQSMQQRALHSWEQQPQQTVASVEGLPPYMQQGLGVGLGVGVDKSPYYSPKQSPYHQSTGVGGATLIKQEYGGHGLIKSEYPDSQHYVDKSFDPTAGGAGGAELCASVATSPAEFPSTTTGGPGQEGAAGAAPGGGYRGFEPPSSSSVLPANSLTAKAATWKSNEARRPKTYNCTACNKWFTSSGHLKRHYNTTLHKNAVKSSGQPDPATLPISAHHHPARDPVTKPSRRGNAAAAAAAAAAAASASGQGQQQQPPIPPPPANVPPPEPPRSPPDYGGGGGLGVGAMGGAAMSQYSASPSPTQQQQHHLNHHQQQANGYANGTANGYGYMQQQVQSTTNASPQHASNNNSNNQQQQQQQQQHHQQQMPQHHNSVLNGHPNGLAGPSAPHNNNTTQMPSSQMRGLLNETTTTPPPTTTTRAPQITTTATTTTTAATTVAIKSEQMEDSNHTHTHTHTHPNHSHSQDRSHSSSSSSSMATEEAEEQELRDQEQADDHLHQHQQASQQYLLSARHYHSSTPNTLSSSNTNPSTPSSNSPHTIYRQEQQGTDFSRTTPPPQPLPPMGMLPPMAMDYNMLALDMPMPMPTLMHSNMLQCSSTSTTPLATTITTSMPDTMQPPQQQLVHHYQAVLHPLHQQLGEQHQRQEADHHQQQRELHQLDQQQQQQQALILADSLPHSSSSPTSSSPPPTMPMPLTTITAPQLLPLQPPPPHITSTMPMPPTMHMPIMPPPPQCYQQLQPLDPTMSYHTIIGSGPEAHTGTAGGGYSNQITTSDGQILQLMPTSLFAPYAPLSPYSVAAQRSPQEGDLPPVHTLTTALHAHQQGGQQEAQTPTLTVLSTPYSPTVSSSRATPALEMDMATLMQHHQDYEMEQYQMQHQQLDQMQQHQQQLDHQQQQQILADQTQTMAQQPLAKKRRGGNATPSTTKRRRNSSVGSTSPHSTTLPSGRIKCLECDKEFTKNCYLTQHNKSFHSASRRQNKSNPSMYPANAQRRIKI,,,
72518,0:22:01,>CG42748 12.885317 0.879656,MFDQPPENELQKSHDHNPGALSEHQLRVQASLQRLNIPDWFRHYNKGPEKAADGENACTSATGGGYRPGNFTRKRAQESGRWQGLNSKTTSLSSLGSQRSDRSPLLMSPSAHSHHGGQSSYSCGSTTIHGPAPVQIGMGATRWSTSHLNSTQMSPGASQRGSFTRGAPINSSFISVASGSGLLRNSYRQPYLGWRSTEKLSQRTPHERLANSLLTQRTAPPSTRAGNETRTLHSVSTEIQSSIKEVTSAIVHFVNDQQQSQHPRSRSTSPNSRCWLESSFVGTRTLDSPQTPVIDNSPPELARKQQQLHPHQVHLDVGLSPVVSAGQLPHRMNGINRIGNGGGESAIQV,,,
72518,0:22:01,>Cenp-C 68.464950 0.877055,MSKPQNNDTLELDDILSQPVKDKERFAAFMMRKLAENKPAQNDNLFGNFKLDFDLDFEVPLIKKSQAKPKSKLPEVQPLGELVSKNSAATEKVNEPPVDQAPNENVPPRRSPTLSPNNRRSMRRSGNVPGSDKLRRHAIRRRSRSCGRQLLPEFEETVNLTRSISSPVNFLPEISSTPCTEKQKEEVAKNTTRVETDKPAEKPMELSQEPEPENPLQTKVTSPARNPILAAEIEQICKERQSSFHKNVLQLDYSGRAPYSRPPTPSSPSVAGLRRTYTMEKGPAPGQLLLSPSHRYDTPSKMPVVKAKRFNQELMVPDTPERQSHDPAWQSEPQPEFVVPETQPQDLGELVQTLSRSAISPIVVINTSNSNRSVRRDAVAMKSVPTSPVTALSSPPIAPSPRRSAAASPQKSIAQLPRVEENMDAIMTDDESDEHPSTVPLNLAPSGGNTTRQRRLRSSNRARATIESQESSMRLLNLHKSVNAKKSKPRKTAIPLNKAPSAPINGEQFARELTRMSNYEILDLRKRNSLNEIYPLNGHRNHRSEKLILEEEIQRELLRRNLMDEAEGLPKQQSSDDSNEDYIPVPPKTQSLRTKSNDRSQGRGRPRSTRRDLPMTLETRRKSSKDGKRCLYTKGSSDHEDNDSLSPVKLPRLSKSIQIVPPPPVSLRYSQSLQNLPCSGKFDFDNVVMAAPPDFHDSVNSDAIEIAPPPPEYVVNTRGRSTSGRKSNKNDLVLPPPGYEGGQEEEHDERPSQPRCTAKELQQSTQNGRRAMENELVPPPIEYVEEENRNNEQSRRSTKNGNLVDRNTHNAVEYCEPPEPPEYDDSDHGQASILRRSGKKLQHSKQSVQKSNKEQIIAPSYENNEDYDSDEEPIYNEEYGKEESQNKNVTRRKSDKDEMASHTLECIEGPDPNWNSSCNKQNRNHQNASKSKENDKLANRSSKSQKLSNPRQNAVGTEKSVALSNRGEECTEKSSDVMESLRVNTPTPPIDQNSDDVPSRNPSPSRTLLSDDVPSTSRAALEFLQRSQNMSKSRPPDESSADVVFKKPLAPAPRAKSKKGKSEVDKLKLAKMPVEAEELNTTGIRRSKRGQVPLQMSWCHTMDPSKFNFMSGFIEPRSKNSKTKKGNLSKAKKASATKPKPTVEKNLPDNRGPLCSSTPRISEKLPGAIPHSESLGLSTLTWEETEVQAEAEKVPKKRGRPKKAVGGVQTDTEAEPEPEPEPMISSVAPLTSDQEEPDVPDEQAPYTEAALGPVVFSTPLRDEQEEASTKLMQWLRGVGDAPPSASMSDENASVSSANELIFCQVDGIDYAFYNTKEKAMLGYMRFKPYQKRSMKQAKVHPLKLLVQFGEFNVETLAVGEEKEVHSVLRVGDMIEIDRGTRYSIQNAIDKVSVLMCIRS,,,
72518,0:22:01,>Pdp1 3.062298 0.875439,MRMDYQMPPPALALQQQQQHGMQHQQQQLQLLQNVQQQQQQQQQQQQQHQQQQLLGNMSQTAALPPLSSLPLQVVHNLPHLLAGNSGGNTGNNPNTSNSNLNVACNNNLLRGNMQHQQQQQQLLNNLSNGNNVASGTLPPPTQLLQHHLQHLAHVNVNAAAAVVAVAANNLQQQQQQQQHASSNNVTGGSPGSNSNNNNNNNNILNHNNLNIIINNHASLNNNNNNSNNNNNNNNNPATPNANLAASNNATPTVNTASAVAQQQQAHENSLVNSLVGVINNSNNNNNNTNNNNNNNTNSNSNNNNNNSVGGDDNNRWTQFQVQQLWKQHANYLNGKSTSNSKEIICPDDKYKEEGDIWNVEAQTAFLGPNLWDKTLPYDADLKVTQYADLDEFLSENNIPDGLPGTHLGHSSGLGHRSDSLGHAAGLSLGLGHITTKRERSPSPSDCISPDTLNPPSPAESTFSFASSGRDFDPRTRAFSDEELKPQPMIKKSRKQFVPDELKDDKYWARRRKNNIAAKRSRDARRQKENQIAMRARYLEKENATLHQEVEQLKQENMDLRARLSKFQDV,,,
72518,0:22:01,>Su(var)2-HP2 56.946617 0.873196,MEDIEYLDEYKDLVLPGIKSSAPTASSAGVPRQRRISSDSSNSSSIDADIFQKLFHGKYLDDELLKEGSGSKSQDRRRRPPSPSSSDESNDALEALFCGKSSQSKLSKRRERYESFDSVDDLGEALMRPSHRLTVPKPSTSQAGSKKSQDAAPHRSISNSSSSNIAMSSGQTYACPKNKKTNSVANKTAVSANGDKWASGKNKTVTIVKPQKTDLRPSRLEPKTDPLNLGDLYGDSDSDSSYEYESDFYGDQDSDEEDEPVIDISTDTSRTTSVADTVTPVVSDDEGQEPQSELNQRHANDQESFLSSTYERLQSYLSNLSSAEPPPIYKKQNSARKSRSNEKKPSSSQQVKHANEQSAASDKEANKKERDLEPPEASSSAKSSASKASGSRKLYDVANNATLEAVERMSLDLAEQIMEIDVERSYEFEKRSASKSRSLSRSKIPADSSTSQLGHVRKLTYSSERLDQPEPLGTQLRRSKSESLPKRGRPRGQKQRKNRGATMEEKSANCRDGEGEPVKRKRGRPRKIIPKEEAKTAETENTIESLNTNVPLSIDTSKENPETETVNLEVPIKQDELVSDLDNAKELTGSTNLPQDDIEMASNHQETDLKCAPDRVALDKSESTPKVEEEQLCKVDTPSDTALDESKVSESAKNHIELEDKDKDKEETQKESPNGNSKETNENSVIVTNEVELPAKKAEAKAEAGNIVEESDSQLAEDFKLAEEILAAEVGKGVEANEVSVTSVQGEQNPVIEIVKELEQETISEVVPAQNDQSSVEDQTLADKENPVEKPSPVKAPSSSKDEPPAEENLPAPDQDPIEQQKTPVAKNQQHDKEHNEAPKAESLSVSDIPSSSVTPSKKRNHSSPANTPKKSKEIEALQSSVPRRALRSDKATPQNLRESRSKRTLKTELTLLMDDTMRRSSPRLGRSPAESHSSHERSPMEKKVTVSKLAKDLITIDKEKEIELKSLPDASETKDVKITKTTTASDTSILTDENPSSSKTEMKKLKGKPLKAKKMSRTSETEVKKAIADSNEDIPSIFSIKCVEEHLTSSESEQKDEKEELLCPKPQIDCTNTDLEQSTAIETDTEQVEEKRSNRRKSRRIRNEKFKTETDTLSDHLDAKKAENASLEISMRPKCTLETQQSDPVTAKNKRNSGRLSRKEKSVINAAKSEKDKSPSAISQSTERKQLLNENPSKKDKKTEQSGNKKEAVVGPLDKTETSSSTNIIDKKSNESFDSAMQPSDRLNQKESAFTKLSSISSPKKIMKDQDKDLDALSKGGDSNPTIRDTGEDSRQTDKKHQENDTKHEEEDSSKLKANIDETKSSSEKDAEPISKDSSQDSAKPRLSKPKSRNKRKKNEKKPNDSIAESDIEGGFQVNTETVQATCSTPSESNKKDMVKSDETNEEPNLSETEIGRIRKRGQAFHIENPKDDLHITPQNENQSIAGVNFEKQVPLPESVESDTPIMKIPTKTYLMCTKNKTSLLSASEDPDIVLEPQKLITTSKGDSNPDLDNANNLETSSTQDPKEHEFSDQTFTDNSDIIPSCTKKSQIVFPTTPTKSSDQTKNSFITPNRSPKSKRNVSKEAKRLDNSFEESQNAASESSASKVQKELRTPTASCRKLRVLIKRTPTSSLPTNSRKSIFKKTPAKSKRLTKILESMEKTPSREPSVSLGEVNPDSDPVAAESVAVLHESDRDLESNEIPNEEVFEDTEEASAEDTDNKLKKKEDDHELEVNDICAASKNPITDDSTKDASSNKSTDSDVLQETKDELSNSLINATQGEDTPIKELTEEEVPNNKTVEDESKKQEILKDLEPDNAALEEDTASTAKAAEEMDLYIKEKSNVKSVLAEPETDVTDDEELAQSPIPNSSETTSVTDDPEPSTSSVVKRSLRKREADSSQPDEAAKRKQRQDVEKSLTGKKEQVKPARRRQLAEVEERPSLKRSKTESEAKSTVQGKYISIIGNETIMSSTTAPIRETNREAASTSPSARKSAVQEAKHVETTKHIILGPPGKKLLHSDSPAAEVKKPMVQTLLSSTLSLQKPSTLDDGSPLKIRKSLKKSIADENIDGDQSIFSSSSVLNKNTSVVAPRKVNISVSLLQSKDTQVETAASSSETPILTKKEKLKTQKSTKKPEGNKKTESKKKSLVQGPQMKTQKSEEAVSGPKILNKYLKSETESSRKTVSTVTGRKQIGQLEVLKKPESRKSEESLVEAISRKKQSQVQRLSKIDGRKSEGTSLPQPDVSKSETALKAALPKETEFPVQDAEIEKMSKGRGHQNAVKNTKTEQPKSKPKTEVRSLQAEAATELMDSMDSQSDVSDIRATFPESQGIFNVPGHMTRAISSNRSLAPTPTPMSDSQRNASKERFTPVSDQKKPIRESQTLSKRRARGGRNQPLVSKRKAGEAEDGTAVINPKRPREMDEEDHPQQNDHVQESAFAAFPVKITAASSVIPQVVRSTGNTVPQNISPRKLCVKINRRPYNKWLRSTQERNEEQEGSRNVTSLPLLGETSETDSAAESMSESILQSQVQSEPAIQPLPASQPDSCTLQASDLRIRESSAQLAPIAAYDSPAANDSSTSPALDIAPESAQTAKATLNTALCPSTEKHLPDEPTLLESSKKVAEPQKLQTFQAKCLPVPIPEVKSEPEDIMDEHSPNEPMPMVAAAPATPQPHAITEDAGPDTIQVNTLGVSTSSRPLELHSIPSASDPDGNPNAIGQTKMYSFLYPKRYKQSYDDVGLDFCCPNLDGPMRAIDFTRLHSKAEVPVLEIPQFLVITTKFISKADKNMPSKVRAKLELLDKSKERDSSKLTPTATTPTADPTGPSSFSPAPASVGPATQPFPSIIQNLLSAPLPDPGLFNHPTTVDPSTSTPVVSGSSSSTTISADLDSLSKQLPRGTKLIKKSVQQVATNPSLAGTSMVINASPSFIQLPPICPNDKQRVELQARVQMFDLVLQTLSRRAANLSVAERQRTIEEIVRTSSLMAIDVDVGTKLLENYVHYLNKATSTMTPLTPAQINSSLGASTSSTLSKSIATSDIPQQGKKISADHAQQRSSLPATIPLYDGGRNTLGFPYSCSKSTAGRKSSYVATSTPVKASTSQAAAAAALGNAQPRSTLGIPKSVREDASQFVNLNTTVCMPAPRTNAKKKPGTSGPLKSMNSSPAVQKPALCKQQTAPARTLSKSTVSSVARAKSTGSLSAVLGETPADEFVSPAGMSLSTTGNPNVFIINHAVQSEESILPDSNSSVGHMETTVIKGELDDSAEIII,,,
72518,0:22:01,>Smr 35.583683 0.871084,MEAAIRSTSVQVGAPPPTNNNNSSSSSSSNSNNNNTSNNNNNSSNSGNNNTPNGAQQQQQQHHQQQQQHHQQQRVVASSNQQQQQQQLQQQQQQQQQQQQQQQQQQHDNGPTSHHLHQSSISISNQQNKATQQQQQQQQQQHQKQQQQQASSMSAYQQRLPSNAASIHSPHWSYRALEQQQQYAKQAAHLQQQQQHQSHQQQQQQQQQDQRTNLHLQIHHHHQQQQQQQQQQQQQQQQQQQQQQQKQQQHHMQQQQQQQPLSPPHPPGSSSNSSSAAAAAAAAAAAAAAVNPGYPPSSAAAAAVNSGYPPRPPQHRFIQNTGYSIAPAPTYRDNPYSRHTQIQQQQQQQQQQQQQQQQQQQQQQQAAASMPEYQRAAARAAVAAVSAGKGNVSGQSSNSSSSSSGGGGGGGSAGGSAPPGGGVVQVSQSGGVLVMEAMPHYASQPNSNPSQQQQQQHQQQQGGNPSGAGATSGAGGGGGGSGGSVMVGSLGRILMPHPQALQYTSEYLTNATAAVAAAMVNQRQHLQLQQQQQQQHPPEPFGGQQPYKKQRLSEANANNMNHLPPHPQQQHQQQQQQQQQHQAHQQQHQRSSPAQVQQQQQQQMNSSRQSHNDMCRQVVTTPMGMQLKVETLPQQQQKQQQHQQQQQQQQQQGRSQPVVSSMSTVVSQPVGTVTVTTAGLSASHSGSSGNVAAGLGTGNTGSASTEAYHPQVEAISPTLPSDSSIEERGRTSAKEDLLMQIQKVDNEIKSAETTMETLRKKEKSLMEEAALAKEQRAAKELNDNNNDQEPMVELSWRSQMLAEKIYAANRKTAQAQHSMLQNAAADESSPGSVAGRPWLPLYNQPLDVEALAMLIRQHQSQIRAPLLLHIRKLKAERWAHNQGLVEKYTKDQADWQRRCERMEASAKRKAREAKNREFFEKVFTELRKQREDKERFNRVGSRIKSEADLEEIMDGLQEQALEDKKMRSYAVIPPLMHDARQRRCAYHNENGLIEDMVAVHQQRKALNMWTAGEKETFKEKYLQHPKNFGAIAASLDRKSPQDCVRYYYLSKKTENYKQLLRKSRQRTRSSRNPAKAQAAQPQCIIDSMTTGVMTRLQREQQQKSGGRSSAVAERERAERAAERERVAEKAAADAAKAAESAAEKASAATKAVEATAAGEKVAKAAAAAAAAAATTATTATTTTSSSTSSSSSSASSASTASSSTASPATLAGIAADKTDAGKTASASDKNAATAGGPTATGTPTAATTPATATAPPEISAGGEAKSKNAEEEAAATAGAATVATAGTPATGASAASAGEATTATGATATAAAKGVGKPETATEPAGTAAKGADSRPDANDPLAKTASKAINAEGYNAIGGNSSSSSSNATGASAPVQGVTLNGFKPGYQTVVMANVKASTGGDDSGANAGGAAPGSLAATNASIATSGDKIVKTTPSSRAPNSTSSTAANESSSGAGVNTYGHTATTAGNYLGQKLKAAQVEGLGAGNELHSDVSESKRKRFELNSGEAGGNATSAMTNSSTSGSMNISNSHGLKANAKDGSMMAKTSMASTSSASVVVTSTPSASSSSLSSASSMLLISAASVMSTAAGATSSSTATTTATASAISLPLLADGSGNSMVNANEILALDGKDKLASCFVCKAEACPRTRPLKKGRGQQYGIPDETIPAGARVCNSCQCKSVRSRYPNCPLPTCPNPKDRAQRLRNIPSRLFELAPEVRDPLMAEFQIPPHATRCCSACLMRIRRKLDPQLNLTDGSSGGAGSGSGGDETDVSTSSCDEREPGGSDTASVESPENLQRHKSLTMVKQQQQQQQQQQQQQQQQQQQQQQQLSQPQPPPPAPQQQKGSSGRGGDQGTPLIITPTRMSSKSGSGGAQTAGDNERLLPPAAGQAPKKQKTSEEYDSSATETADEENENSPANRQSPKVLFHGHGHGHGGHANNVAGLQPPVANMGTGGGVQPGGAAGQQVNGPISMRREAVNNVQDCVFSVIERSLKHKGPQPKGGQGQQQGQGQGQGQGQGQTPGQSQSPSQQQQQQQQQQSANNLERKELTIVREYRQDPGILKQQQQQQQAGGAPPTSAAGSLPHGTSVQKLTTRPAAVAPPPPAHPLTPTSTGCAGSNNGTSDSLATLSVVNSHMGMVGIGHPGPMAHASSAGGIGVDKATITPVVKSSSGSSKSGGGSASSHSTATPPETIIYNVPVAHPQRGIPPPSQHSVHPAHPSHTQHPAHPQHSSHGQHTQLQVPEPEPQTLDLSIKKPPRDGHSPHTGAGGSSSSGSGSGGPSSSDRHHGPPPPTMSMKHIVRSGGMYRGDTVTVPSLAAPSSYLYPTRSVKTIGGGGVVPGVLPGVPGSALYLQPVPVPVPISISGQGQLPPRAGQPPPAQPPSGRGVAKVPPKLSPQQAHHLHPSHGHSPSQQQQQQQQQQQQQQQQAAAAQQQLLVKSGSITHGTPANSAQQQIIVHAPATAAAAPSSLLSPKFDGLVRQTTPEGVGSVGPGGASGSGKHGSITQGTPLHMPPHHLESKRPYESYYKSSQRHSPAQQPGGNQQLPPPPQQSSPQAPPPQGYGVGVSSPYARSPFAGVVEQPQVLSTRQIVMHDYITSQQMQGQQQQQQQQQQQQRNMSRGSSASGGGGGGGSDKESPSPRNSVGSASGFAYGGDKESAPRGRPEYSSRASPADHVNSTPSPHRTPPPQRQGVIQRHNTGSKPPSPAAPPPSRMHMPPYQYAPSGHDALASFVDVAVQQPQLPVPSQKDDKSPGPSTAPGQVPGSGPPLGPSPLPPHAVVGVAQPPPPTAHHDQRYRDLTLHHHHHTLVQQQIAQQQHYRSLNVAAQVDMQRQMDQAKRVMRHQQHQVQQQQQQQQQQQHNHALERDREMQERMRERDREREREREREQRERERERERERERERERREQDRARRVVAEEREHDSRRMERMFAGNVVTGSGGAGGGGPSPGQFLRASVPETGPPRSIPDRERESYYRQAHGGPAPEDTPGQLSAQSLIDAIIKHEINRSNDATAGPGREFPRPSFVHAPLPPRGSGSGGGTGTRSSPANVLHPMYLRDLRQPLDGGAGSMLTAENNGKPSSSGSPSVINIDLDQERISAAAAAVAQQQQQQQAPPPSQSSQSRSVHGQLRTPTSQAGGSAPSPQQIHTKSITFGELTDSIITSDYGTNPHLRPPYMAYLQETQSILPPDRWKQNRRMQQKAEEAKHHSQQQQQQQHQQQHHAQQQQQQQQQHHAQQHHPQMPGTGSGSAPGGAGQGGGSGGPGSGGGGAGRASTPGEDGRNIIRMPQAVSPRKFNHEMMLHHVMGTTGAGGEAGQFFLPSRVVLPEQRGTPSGGGGAPGAGGPGSGGGATTIEKYVKTRIAEVMRDDIGYGKNRTVEVRTEDEVTADMVAHSHAAVHAAHVAHAAHVAHAAAMELQHRSKEPPPPEISVSRKTPNQYEVVDASGRRSAGSGSVSVSVSGANSHHSPYHPPAAAYAPSTYAFPYSALNVPGAAGGLPPHQPLQLAHQAVAPPGAFAKAKAAHALSELGAVGGGVSLVVGGGSGGIAGGPGGVSVGVGVPGGGGPGSGGGGGGGHNSSSSQASAAVAAAVAAAASESKPLLLSKYDALSDED,,,
72518,0:22:01,>Bap111 71.669550 0.857143,MALPSNYKQIAVGGQGSATPLQGGGGGSGGGSRSRSSGGGGGGDRNKDQTPIFTHSNYGNPAFTPQKVTKSSSSKNQNESRLPKPPKPPEKPILPYMRYSKRVWDSVKAKHPELKLWELGKKIGAMWKLLPEDEKTEFIDEYEAEKLEYEKSLKAYHQTPAYQAYMSAKSKVKTDVDMHETPSRGGGSKSQHERRIDIQPAEDEDDQDEGYTTKHLAYARYLHNHRLINEIFSEAVVPDVRSVVTTTRMQVLKRQVSSLTMHQTKLEAELQQMEEKFEAKKQRMVESSEAFQEELKRHCKPAVDEETFQKMVLRMYEDIKRDRQRLDEPNANANSAANPAAAAATAAAAPVTRSEEAVKPPTQPGQPAATPAGQEPASAVPAPAAPPKETPPAVKPATLNPTPSSTPTPAPAVHVHETASKTDPEPMDIEPPPKPSVPPPPIKPEKLEMAAALPPQSTLVEPPKTEPAKVVAQPGKVPTPVPTPTPPPEVAPAAGAATAATTTTTTTPTPPPVPQQVPLPQQQGGPAPPPGMPQMHPHPGHPPPGHSLMPPHMGPHQPPPGMPGLPPPPPHTGYANYGGPPHGPPPGPPGGPARPYYQPQYGGHPTPQPYYAPFSPYQQSYGPPPGSHYMSPRPPPPQHNGNPGHPYAPEHGSNPPPPQQQQQQQPPPGHLHEPSGGGPGAPGGGAGAAAAAAPGAGVYPTPGAGAGPGAPPGPAGGAPLGEAAVAGGVAPPAATAPGKHPEAEKHEAD,,,
72518,0:22:01,>bcd 62.066483 0.852349,MAQPPPDQNFYHHPLPHTHTHPHPHSHPHPHSHPHPHHQHPQLQLPPQFRNPFDLILEPLKGLDKSCDDGSSDDMSTGIRALAGTGNRGAAFAKFGKPSPPQGPQPPLGMGGVAMGESNQYQCTMDTIMQAYNPHRNAAGNSQFAYCFN,,,
72518,0:22:01,>lilli 30.726867 0.850568,MAQQQQQQMQQQQQHHTSSINNNNSSSIVLLQQQQPQQQQQQLDQLQQYNNNLYSQNYNMEEYERRKRREREKIERQQGIQIDDRETSLFGEPRRLTEGDAEITAALGEFFEAREYINNQTVGISRSAPGAGNPRLQPNLAPQAKSLGHSPSSASSAAGPTAASATTSLPGQQQHYQQQQRPPTYVKQADNKPPYNGRGGYPGQPMKNDIPSSSGMAPPRGPPRTSSSNSNSSSVTNNASSGGVPASTPLGPPLSTQMPNGREKSFLGPPAPALHNGTGGRFVPPAASKRPGVGQQPPPPEKDVNKIISDIANIFTVQPLTLIAATPHAPTRENYNLLAPNRQKYAMDIPSSPPSAEPSSLMTPLFAPITSPIAPLVTTPPQASQMPLGGATSGTILAGEALAPLHQLPPTMPKAASGVTSPGPVKPLKTEKNHSLEKQDSCLENDLELSESEDEQRKKEGRSGGNSSNSSESDSSESGSESSSKNDLQHHPNHQQHHHQLQQQQQQQQATMQQQQVLQQQHRSQPLTSNGAQNKKFRHEIIARGSNTITGLLSSSGFGSGGNVGPAGVNSNAVVGTGSGSGGTLSSGGSSSNKTPSPTESNKWNLSRFFHKPANQTNSESVSPGNVSMKVPGILPGGAQIIPESIDVTTAIVKNEKNDMAMEEGEEEDDDEEQQLRYGGGLSVTPVAVKKEAIDAVSEMALGAIPKTQIKRESAETLLSARLSDSGTSASGSSSSSSSSSDSAMGGEVVPMPGPGETLQLPGVPAAITTVMRVQPTQSQKAPPSNSVTLTPILPLPTSPKQRQKKPRKKKAITSAPILDSSDDDEPPPKHPGLDHTAVSVQTQPATDTVKKGRGRPRKQQQSGGSGNLSSASAGSSSQTKGPTLTAAKKPLAKTPLAMSRARKREHSSQSSSNGNTPTKKVATPQLVAAPLKPTSNTAGSSSSDEDSSSSAESSSKSSSSSSSSDDTETQNTNCRIVKLNKTGAVQKKALLGSGSSSPSSSGSEAEDQTTRSQVGSGQALAQQLPPYKQLPISQHSQHLSSSDCSSSSGGCTAVCSSSSGEEDEGRREKERERKPKSDKNKINTLTRIFNPKEGGAKKQGQVVIVDLQEEQQQGKLDAAAQPSAPQAPPAAPAAIMAKPRMTPTQQQQLGAGLASPARTTTPHLTSLICKIDLSKLSRERIMRLKKLTPAQQNGHLTPKDQATNAVHVPNGYAGDTNPAAKVKHEHPVKPEPELDAGYEAKFKPGNVKQEFQLKQERDRDRERERERERERERDREREQPPGRRRKRSSSSSSSPYKEKKRKKEKADQLQMGKELLPVPVLLPSNNHERMPNHDRLSYDKLQLLHEDAAAVIGDVSAPNGSPTKKLLAMSPLPPPPTVTVAPATCNEAVQTTPPSATATSAIAPPVPATRLIYRSYFDRDVEHPSDDPRKNNQFLQEAINRKHAADLERDSFNQVTLYLEAVVYFLLTADAMERCSSEQATNTMYKDTLSLIKFISTKFRPYQQQSTTNIQHETHNKVAILSLRCQSLISLKLYKLRRKDCRAIINSLTDFFRVGRGDIANGNTPSSISPSNSVGSQGSGSNTPPGRIVPPDIHNMLCKQNEFLSYLNSAHELWDQADRLVRTGNHIDFIRELDHENGPLTLHSTMHEVFRYVQAGLKTLRDAVSHPTHQSQ,,,
72518,0:22:01,>Dek 275.193333 0.849673,MDANKAAETAAKENAADKVSDVENASVTAGVAKAVGAQPERGSKDAAESPAAVDASASAATDDVADKKAKGDSTAVSNTESDAAAADKKEKSPSPVIKKSNNKDAKKEDNSEKDEENSEDGDEPEDEADEKASDEESEKKKPKLDAEDKIKDATDESKPKSGADKPKKPEPKAKNGKVAKEEDDDEEDEDDEDAEDDDGDENDGLDKNNEVAEDDENVVALAEIDRINENINKTRVDGLQTLHAICFGAQGKNNVVKKNLRSFAGFEFAKDSAEYNKKLEAIKKVDNKGLRSICEILTLDRKGSKNETVLRVLKFLMEPDESLCLEQGDEEEEEDAEDEDLDEDEEDPPSEEDKKRKSGKSSGGAGRGSARNSTGRPRRATAGKKMSAYVDFSSSDDSEQKVAVPKRRRNDDSESGSDYNPSANSDSDGGRGGGAGAAGRKVPSRGGRGRPARKSRRRNSDSEEEEESEVSDADSDVPKRKRGSVGKRGRPAAPASAGRRGRGRGAASRKRKDSDSEDEEVSEDEEEEDVSDFASDQSEEERPKKSKKPITPAKNSKANNKSKPAGKADSRSKKSKKESSEEDDDVDDKDESDEDEPLTKKGKQAFPTVGSQ,,,
72518,0:22:01,>CG1620 84.276617 0.846827,MMEFGKSSDHSQHSASEASADSGSLANSDLAVTPTKRERRKSPATSSDNNSTSVQPPMSPSSSVADTTFEPTIDMMVNDFDDEATLNEEEALADMEAHSAEDEIATLREESEMPIEELLAKYGGTAASPAMSSSNRSGSSSRRARRATKRQYQELDTEMAHTSTSTSSSTSQLEKHDGIDQEEEPKEEADKLASPPESGEASSVDTEDAQKYEGIKKQHRSHLLDLYPDESFVDLAPTCGEETERFTPLQTLFDEVEAEEEEESESELDDARKIIMVGHDYQAEIPEGLSQYGDILPYENEDQLIWEPSQVSEREVEEYLAKIQETRSIVPPDDGSETTAGEEGAATGATIEPPAPITAPATPPRAPLATSGAGDQELVVKDNEQALHLLVQCGYDFKEALRRKRMNVLPLTDTMSSWSEDECLKFEEGIQRFGKDFYQIRQNQVKERPLPADRPSK,,,
72518,0:22:01,>sba 9.575162 0.846424,MAAASAGQQQQQHQHQHKLNIAGSAETVVSGMQHQQQHQQQHQQINMFKQQQQMLPLQQQHHQFFQQQQTKFVSRVVTSAAVHQQQQQHHHQQQQQQQHQQQQQILPAGLVNGNGSGNMMQVANLHLQQQQQQRNSQQHIFVCPTSNQQLLLQQQQQQQQQQQQQQTKQRQAQIKLPIKSAATTGVTAATVAAATAATGATHCMSTTIAARQMSQNNQLYAKNVAKANNASSNGNINRKTATSYNGNLAPGWRRLTNNNEVAYISPSGKTLRTQFQIKDYLLTQGTCKCGLPCPLRPEYLFDFNAQVPNQPLKLPTEASTATPTPCRHQRRFLESQQLQLPQQQQQQQHLQHQQQQQQAVKDVSVDVAVSVSGPAAVSDVFSTLMTSTARTATMVTPTAATSPAQAATTTTHEMANKDADCHKYGNNKLPATNRTATTPTPAPTPPPQHPNGMPTSQALALGGVPVGVHPKRPTGGHVIKQPASVLGPPCTPPLAVGGANTVIQQQQPLQQHPNFKDDPAGYLQQQTALLHNSLGVGLDATKTAAGTSTARALPQEPIVHSSQQQQQQQQQQLQQQQQLQRQKIRRLSLFGKWETDPAPATNSQPTNGTRALQVDAAAFARPQKPQVTCVTLVPPPQESPVSSSAAETLEKRPEQVGAISTSHESPRQSLSSPTDSVDSAKSTPSASPKPQTQVPMQPQLLQMRPHLQANLSAQTPVTVPAHVRVMRQQQAQIIPGQRLPVASSSAAMATMTRSIVTSTAGTSTITGRPVATTLNNSNPTVAQLQSMANAMNGAGGGGQLIMTSSGQLLVIPTPSKQTTQHHRPGQPGQGVIIQQQQPAELHPQPGGGYIVSQPSPVAAASSSSSSSTVILNSGGAKLLHHQIITSQAGQINQATSGGSGNQPQTVLLNTLPNGGYIVQQQPQTQSPQQAEQILAMPQPPPAQTLIISSPDTKRRARKRKSSVCHTPPPSGSPAKIISPQISPSIPNQAPALLHQQAAAAAAAAPQFQQQFQLSPGIQGIVVNKPNPPQQPQTQQLLLQNGQILQQVNLIGQQLLMPAGLVMGPDATLLQIQNMPATSLMTPQGPVMLRTPSPQNKPSFISPSAGGQQYLVGANGQLSPIGQIYSTPMGLVMPTGQQGGASFVQASPTTTTIQIQQQPAPQPTQISLQPAQATYMTETVMSRQGTAASPPDTTTCSPRSPERPSSHRSSGSDMVQCVSSSEPDAAVSPQSTESRQSPSSTDCERSICKNNVFTQPSGIYKHSEPKIRRIHITSQTSAENGISLMQGQASSTPAATSSSSATISAVPASAGPAVIGGQQQYQQQQQQQQQQQSPSSTNNKINGLARSKRQANTSGASMVLTTSTAATLSGLFNQQRAKPIRIAPAPPVATTGTGNIGTIAAAGAAAASTGTGTATTSARSEILKLAK,,,
72518,0:22:01,>CG32264 29.632317 0.843687,MSLRSNKLHSQQSTASSNSNGSNSSGNSGSNSNVQQQHPPMAYQQQQQQLLQQLQQQQKFQAQQRGNTSRNNLATLVAAINGHDGGQNSPGNSGYQLSPAAASRVAHAPPHSPLGPPSYSAATAQSAFSYYGQHQQHQMQLNHNYQQQQQQQFQLQQQQQQLQLPPPDLTDGIDHPSAQAATPPDSPNAQSTGPSDLEQQLCVVAKMQKSVTITVTPQRSNSMDFLNFEEKRQLIASSLSLSDILHSSNAQQQQQQAAKDGLAINGGQCAKKQNGAAIRTNSLGSGTRTPPLERKSKLSALGRFFKPWKWRRKKKSEKFEAASKSLERKISVRANRDELVQKGILMPESPLGNIPEPGEESYYNNSNSGATANGSLLNSAVHNNSMSQANNSINATTGNPLISAAQQQLNQGLPNSISVQQFNGQNQNPQNSMANGLVGGGGGGGDGSSDTSSLSGGVPHSQSAPQQLGVGQPPPPLTPLAQHHQALAQQLQQRFAISNNNEPRKDKTDAQQQQHGGNGTISTPNIEQPTCQGSMLPPPGGGGHHQVDGSGKMERPNTLAGANKLTRRGVNICYHNEHMYGEDGKMVGGPPGSTPPPYPGGKLPPGVMLSELPEPPIPLSEIGPIPPPPMFSTPSPTLIAGRPHGPGAVNDQDYQQDYDYDDNDPDQDELDSDDEYAPYGGNHVRMMDTQRVEEIPAKEPKPNAVPLKSALKKKGGMQPASASTPVTPTQEHGAGSAATAAAMANSNGGIGSMAAAAAAAAQQSANQRPLVVRQDAAGNNYSLNRQQMFNIQLPCTVENKENARPFVIRESSSDSDDSDGHIVYRDEDNDNTRLAKLARKESLSLKLQLRPDKQDLINRNILHQVNDNELKESKEAIGARLIRRLSMRPTAEELVERNILKTQSPAEEKKQKEEKKSYLLRKLSFRPTVEELKEKKIIRFNDYIEVTQAHDYDRRADKPWTRLTPKDKAAIRKELNEFKSSEMAVHEGSRHLTRFHRP,,,
72518,0:22:01,>cnc 75.977067 0.842402,MVDNSTSNNSSVLGLPSSGHVSNGSGSSAQLGAGNPHGNQANGASGGVGSMSGSAVGAGATGMTADLLASGGAGAQGGADRLDASSDSAVSSMGSERVPSLSDGEWGEGSDSAQDYHQGKYGGPYDFSYNNNSRLSTATRQPPVAQKKHQLYGKRDPHKQTPSALPPTAPPAAATAVQSQSIKYEYDAGYASSGMASGGISEPGAMGPALSKDYHHHQPYGMGASGSAFSGDYTVRPSPRTSQDLVQLNHTYSLPQGSGSLPRPQARDKKPLVATKTASKGASAGNSSSVGGNSSNLEEEHLTRDEKRARSLNIPISVPDIINLPMDEFNERLSKYDLSENQLSLIRDIRRRGKNKVAAQNCRKRKLDQILTLEDEVNAVVKRKTQLNQDRDHLESERKRISNKFAMLHRHVFQYLRDPEGNPCSPADYSLQQAADGSVYLLPREKSEGNNTATAASNAVSSASGGSLNGHVPTQAPMHSHQSHGMQAQHVVGGMSQQQQQQSRLPPHLQQQHHLQSQQQQPGGQQQQQHRKE,,,
72518,0:22:01,>CG8108 162.662000 0.833515,MRGRGGFIPRGGGTTRGGYYNNRNSSNYVNTRTQGNYRPNNGRYENNYHNNNNRYNNHNNSGGGAGGNSHYDNRSRDKFTHHNSSSGRYESSSSSHKRSYDSSRDRSDDRKRPRQDDYRRTSSSNDRSDRPSSSSQNIGSSSSNYHQRSSTGGGGNNGGSSSSYRPRDDSTSGSRHQRDGSMGPPKRMMRSVAGTNYISRPRGTMSMRGGMMRTGMRVGGMRVVRTRVNESNDLRTMRRQLLYAQQKDRARLLKIQQLKSSLRRQRQGGNSSDDSSGKEDKDGEDAEKSKKKKGKDKDADGGDESDDDDDDEEDDDEKDEKSKKTSPGKKRNKSANNEDKSEAEGNDDDDDDDDEHGDGDDDDDKDLNESDPKSAKADDASDDEDVKVKGDGEDGDGDKSDEKAKSSVEKSGKKKDKDDAKDSKSKKSSSTKKERTSRKDKDKESSGDDRSKERRSSRHRDEDHNNRKRSFIKLICVHCRIKCVTFKEYNYHLNSRSHKNSMRQVALNQRADLQRMRARQRTTQREIEENSKEEHESRYCRLCRLAYRQPKNLHQASEHHKTIKKFLMPYCGSCHLAFKNAMLYENHRCSLDHIRNKARNDESGSDDSVDEREIDLNKFHTVDSVGEIDVDMIDADVDAMVTEAEAALKSEDEETRKRALIGPDYIKVIEAFYCELCNHYSAKADDVSLEDYTKKHCMQHSHVKAFLRNKEETEKKNKTEEGDEDDHDDDKKAGDDDADGDEDIDGKLNEDDDEYDDDGDAEVEEGDATNDKKMWEEVDKDLGDLLAEVETRGHKEDEEDEEDESVLNIDIESEKNKAKDGKEEANGDTDEGAAKENAPVAKSPEKKHAASAPTTPTAKTTAAASQPAKMATPKPTAKATKPGPASTKRNVLVSVKRTSAAAIKAATKSASNAAAADSK,,,
72518,0:22:01,>tai 3.028763 0.832675,MSIAAAENAGLSPSDLPDHWASGTSNPSTSTSSSSSSSISASGSNNNKYNSGNISVCNLPRSSPAAATAAVTLSSAAGGIGSNLLSGLHHGLAPGTHPLQRATAASGGGAGAGGVAGASTAAALTLQQHQHQQQQQQQQQQAQHQHQHQHQQQTQQQQLAYQHQQLQQQIISHRSIQNKAAATAAAQTANLAAALQRSAAIMNAVASPISANSANSATSGRKIRRKTDSKVNLPQSQINKCNNEKRRREAENGYIEQLSEILTLNKRGDMTSTKPDKAAILNQVVRTYREICDKGQNRDISSTSTNNNNSTTTTNNNTNSNNNNNTSKPQATSTRCSRCATDNCSIHPVQQGEVSSTEPPLPEPSLLLGQVPEISAYFEALEHYISGVGWVLLQVNANGIIESCTQNIRDLIGYEKQELYHQPLYMYLYSGDHAKLEPIINTMYNNPNGGNSNSANNSGPGGSSAGTSAGVWGDLEELNNGNASQGSNSSGAGGLGGAGGAAAGKKRSISTKVRMLVKDTRTATQTSSNCEEKPLRQSGHQDKYEEVVLIAAPVKDDADASSSVLCLITRPEDESPLEINIQQHVQQQPIEQMTFKLDIHGKILTLDPTALREPFKQHLQTWVGRLWQDLCHPHDLSTLKSHLRDIQDSASANSPGAGAGTSVVSRPFRLRLGAPDVYVHVKANSRLFLNQTPGEGDFIMSVQTLLNSENDMNSSNTGAGSGGLGLGQLCAMAPSPSLASSLLSSLSMDGLHGGTGSGSSSSPAASGMLPTHLLGGLVGGGQQGGGGNSTQTTSVGGPLMSSAIINGTGLQQQQQQQQRSGASSSASSSANALVNAFTASPAPAEHSFYGSDTFEFDIAAHSSSFELDPSGGVGAWTDSRPNSRASVATPVSTPRPPSGHGFSPAVCASPATPYQLSSHSAASLPSPQSNASAGGGNYGGFNFHSFDSSDVKPEKDVQQQQNQQQSNNNSSSSNPLLGGGLPNGVGGMLLSQQQQQQQTPPQQQQQQQQQESSERLRHLLTKSQSMAGGLGGLGDDEKYFKPEGSEEEKHASGGFKMGGQPGGMGMFGPMGSMGRGVGNSSMLHKAGNSQNPMLLKLLNEKSEDDDGNGSGGGPGSMNNSRQSELMRQLKNPDGGSHGMHRNSASGNMSTEDLKAMLKIQSDPSLNRKRSLNEPDDDPSAKRSEDKPSKLCTQNKMLAKLLQNPPKIPKAPNPEQPLQVKTLPDITSSTVSSTLAAPGNLISAGSTGPKAAANRNRKQQQQQQQQQQQQQQQQVAGIPSQQQQQQPNDVYLSQQQQQQLQSPQLAFQHQQLATTATTSITTAASTSAAAAAAAAILGEGDSELSKLLDSVMEYYPDDTPIVTNAPSEASAINDIQKSLMLDVESAAFGNDLNQQLMMTQQQQHQQQQQQQQLLALQLAQQQQQQRQQHLQQPPAYPGMLNMQQQQHQQQQQQNQQHIMQRLEAMRNQGNQGFQRPPPMYPARGRGPMNAVATPGGVVLPAQQQLRNIRQQQQLAAAQQKERLLQQQQKQQLLVPENATGMNAGLNNIGSLLNTTGAPNVSLSRTNLPSDAQLSPNFAQTLMQQQLSPGRSAPYSPQPNQGYAPQFPQPGQRLSPQQQQQLSQQQQNNVQQQQLAYQQQQVGDGGRSNTPFGSNSGMQSPGMQNSPQQWGSGGGGGGGPGGPLPSGNAGRTLQQHNPMLIAQLQGVSPYNARQYQQNQRRGLNSPGAVGPGGNPAAQAALQRQNSFQGQGGGGATTPDGSGVGFGGPQSPYGTNVNVFQQQQLQRLQRQGSVPQATQHLPGSPRFGSSPGSSNNTDSSAAAGNQQQQQQQQQQQQQQHQQQQHQQLMNGLSMSPHPHPHPAMMGVGGMGSGGGNGIIGLGGGGGNYGATLGGYGQSQQANDFYGRAQTAGGGGSVAGGNANSEFVKQELRAVVSVRAQQAAAAATGGAGVGGGVAQRGQTPQSPLQQGSVIGGGGGIVGGVNSTNTMGNVTPTGSGNVSNSMLNTPPDPTLSFSFETPDFFTSSATR,,,
72518,0:22:01,>bun 96.469183 0.830017,MAENQSAASKDSGHQQQHQQQQQQQHQQHQQPLATTSVTAASTTSVLANQSPTNSQASSPENSQEALPLLRRQQSAAAATVAAAAATVAATTSGTSQQQQQQHRNSISNMFDRTVNAKFKPASSNAGPGNNPVRRNSMLTPSRGVTIGGTGGNIRKLTKVSSLTSNHHFAVCYPPSNIYQNSNNAGSNSALQRTTSESLRLNMMSRVAAGATPTTVSRASSNSSLATSTSTSLAPKSSSSSGGSNSTPQQQQQQLVSSNNSSSSSNNSFTKASSPNNNGARSVGGAATSAATGTTAAAGSHHHQPHHHHHHHHHHHQHHNHQQQQQQQTSLSQGHASLTVAGGSASAGGGGGGGSGSSSGTAAGGTNRKPKTTSSFEITSVTVGHPKLNAAGDTGDESADDLDESHTDDNSRITDLENETPSMSEDTFSKEEVYYANNALSTNAPVIPTSSQYGLVVVDPIAPSLGQTIQNVQVNVSDNIINVVSGAVTPGGTKKKDDIKETQHRSERFKVVKIESTEPFKRGRWMCMDYLDHSSVGNGGNNNEKTGSSTSEAHAATTDGGAAGVGAGSEAPAHKTTQSMILPPTQKLNENHLEANSTDANWNYAEQQQQQQQQQQQQQTIVGNALTKTLPVALRNVSRSSSVTRSPNATVEFLSPNLLAQQQQQQQQLFDSVNANAASSPNPAGDPNNMDYARTAAMQLHQTLQQLKQREDAMDVPPGAGGYANYQNGGDSAVGAASNNNSAAAATGESQLSTSYVEQQQQQQQPLSPAPLTPQAAPTFAAVAAGQSPNFQLEQQQQQQQATSQIDGIVPQPFNPQQQQQQTPQQSTAQQAAAAANATSAVTAPPPQQTSNTSNAAVTTGQGQTMPLLSHMTSYEQQQPNLGAAAAAAAAGGTAATSVAAPQAIPTLQLQSAPSTIADPQQLMVPQQQQQQQHQEEQQQQPQQQQQPLPPANIASASANNSNLNLTNTNVVATGEATTNALTLTDEQATAALAAAFATGAAAAATGATSAAAATQQQIQQLQQQPNAESETESASGTSAVAIDNKIEQAMDLVKSHLMIAVREEVEVLKERISELMDKINKLELENSILKSNIPQETLQQLQLQLQLAAPPATPAIQAAPAVQSVVAPAAAGQAVQQQAAGAVAVTGVATSPASAVVPTSIPNGSAENGSSAVESAAVSVEQQVQQVTSAAAAAASVVTANGPMS,,,
72518,0:22:01,>Hmg-2 27.772367 0.824468,MTEPTSKTPDAVPESPVSLPIASQSMDTATIEDFDEDKPAKGKKKAKNPKGRHSDSDIGSELKKLAQRRINVAGAPKMPLNGYVRFMNDRREELRREQPQRTALEHTRIIGEEWHQLPEERKLPYIEAAAKDKAIYQEQLQMFLKEHPEIVANELAKAKKATKLDGSPKEKTPKGESALGKAKKTKAKPVKRQSEDPDDVPLAKVKRAQTPPPPTPPAAPVQPPPSSVPPATPAPRPLQPGEIPIYTNEFIEHNRSTENELRTLRKAKTDLEQQNAVLEQHVDNTKAGYAKVMGEVTELMEENQRLETYLRALRQKLVAALGGISMPPLEPSGPSVGNIDKYIRHLAGLVTQPSNVTLIKAREALRKVDTSSLLKP,,,
72518,0:22:01,>Mnt 64.001883 0.822785,MSGIGGIGVLLEAAQFLEQHEKLPQAGGGGGSALGVGVALPQQQQQTVHCKSNSIINNNNSSQHNRNSSSSSNGIIATPPFTNGNGNGTVGVGNASAIFNVSVNANGNGLSNGHSSPRSQLAAAATAHDYEYSAAGVANGHSEGRPHVSEDDNSSINNNNNNNNTHPPQQQQHSAAGRTTTTRITTTPAILTKLMGNSVTPASNTTSLPTSTPSVTTSPPASTDFMLLAAAATSATSATPATATSAAATAASNPAKRKLSSIAEIPSKFLVVSDAKGVYSAHTHPNGFAADSLGVDNNETMIKKLMQNLQSQRQQQSLQQLRSLRPAEISLTPPPAATRKVDISNSRTRSYSLSNVSAARDQQDHPQHQQHANHMQIQQHYGYMRSNIGGVIYGLHKDSADSAASSACGAGAGAAAVGMSIASSAPAAGSQLSAHHHTGHGGRRRTTSSNSNGAGTREVHNKLEKERRAQLKECYDLLKKVLPMGDEDRKKTSNLTILDTAHKYVNSLSHEVCEQEAKIEKLAKQKIELQKRLKQLSLRRESPPTDQQIIPQADKVCLATTATTAPPTAASGHNGTTILFDAGNACATGQQLTTVINKTNGGATAAASSKHNGNHTGGATTTLTPAMGIMTIKNGNGSNGNMLAISPTGGHNHQLHQHHNGSPAGSPSGIGATTGATITRGSPTPSTPSPSPSSSSSGVSLSTSFMGGSSSSSSSSSSSSSSSSSSSSSSPTQQQQIITPTATARSVGLKFHGGAGAAVPAGGGSVNGFHQADKDRNYTFLRLSAGTTAQ,,,
72518,0:22:01,>bs 21.273100 0.819599,MDPTRGDSRYNLNYSMSSIGLSLADPADMYGNPALGAGRPPSGGLLQNMGGVPPMQRPNPAAGAPPAPQCQTLHSPQHASQQQQQQQQQQQQHQQQQQQQQQHPQQQRGLKRSGSDCYEDHHRSSGGLTLQGLDNVASGAVDDSVDNYNPLPNKKSPPANGKKTKGRVKIKMEYIDNKLRRYTTFSKRKTGIMKKAYELSTLTGTQVMLLVASETGHVYTFATRKLQPMITSEAGKQLIQTCLNSPDPPSVGGGDQRMSATGFEETELSYNIADEDSKDDRSPTSSGNESDDSSDVEMPAEAAEVATKLPASKTEVSAPPAASCSAATASSGHKTMPALNYQTDTNSGPSTSTAAGGGGSADSKYVYSAASIANIPQKMLRQLIQSGHLQVHAEEDGNQYVTIPLSSTAANLIKSNKLTASGSGASGSGTPVKNDASADKPLTIKQEFD,,,
72518,0:22:01,>CG5953 18.621850 0.818182,MHYQNNNNNNNNVINLRSPAIPHRISPESVATTNSSNMGLNIPMLIASSQTLDSWNTAGQYSPPISGSGGGGSERGGSAGGGGVPPQQLRVPLPMSYHGGAGGGSSSSDFQQSPLKTMDTSDNEDNNNTKEDVAAAAALGQLAAKVELRSPAGAGPGGGGGSSSREANDPTSDPIKPDRTLSEAGSSPIPNTNMHEAHKNHLLNSPAGGRSVTPRQAHEQLHHHPHTQHHLQQQQQQLQQQHQQLQQQQLQQHQQQQQLHHGHEELDIKQELVDYFHGQAAGGGGGGGGGVVGPAPPPPPESHRSYSSAGEESRLQLVDMAQDLRVAQAKANFGAFILPPRGSDASTPAMPLNMRKLTGAGSAGHMLMNSLLGSRESMSDGEEPDPDNDEATESAASPGHIKSSVSAQAAVAASAFYAESLNRDDCDFIGSNVSLKLRTMDRTQRIIAEKLISEVLYYGQFNELERSARIQPK,,,
72518,0:22:01,>lov 2.690317 0.813576,MLKDAHQKLIKHRQSTKLSMTDFACQAAPVKQPLPLELPLPLSVQLQLLAKTPTSDHAPMHSTPPTTPPTPPPLPLNMSQSASAVTEAATPENSLPATPPSEGALAVPSAPQDHYSLRWNNHQNHILRAFDALLKTKTLVDVTLVCAETSIRAHKMVLSACSPFFQRVFAETPCKHPVIVLKDFRGWVVQAIVDFMYRGEISVPQQRLQTLIQAGESLQVRGLVESSVPEHTPTPAASPDDFGMLDTSMLSSTFEDECPTMVRPSKGGKLLMPSARLFGNASSAIAALGLRRKREQESDRDLESDQELGGSSPMPRRKQARPRRRSGDVPHDFTLNKTDAESLQTVIKHELLERAERDQEEAPDQDNSQGEAEKISSSPAKTLVERAKEQKSMKEEGSDQPRSLNENHHQLELDDEDDDDQDHEEEEEQDIEELIHTTNELRRQAAAAAANAAAMSPNPSPCLSDGPEDLCTTKKGKELISGPSSSADCESNNNNSSKLQDNNQRIMLSLKDIRQLNANPNPTAIHTPTSCSGGNNGLLTFPPPGLRPPGLPDSPPCHMEALEAQMHAAAAAAVAAAGSGEHPFHHMEHQMEMSLAAAAAAAAMHQREPRDPRDGRDHNAFASNLLGPMGMPPFGGHNGGHPGNSGPGNGCPGQAAHERLEESMNRLSKELGKEFGKEFGKEFGKEFGPASPMSLQGPFNAPDGPPHPPSPLPFPGMSSAMTLTPPHMFGLDSPLGLFPPGIDPGKLYNPLMEMSDPRDMPGGPPPFLKKKMPRPKGQHSAPRGGPPRSWTNTELTEALQHVWNKKMTTSQASRIFGIPYNSLLMYVRGKYGKSLKLEQLRKDCISGPPIEMLQMGIGGGSGGSTKNEKSKERKEKEKDKNSMSSNGSGGSANSQGGAPTSGSGPMQHSGELGPMGQLDLDLGLPLGPPGGPRSNSSEPDLLSAPNALFNPFNPQGFYPDFSGGFPGLPLSMLNLLPPAERHHAAAAMHHLGVSMDEDCKSVGSKQSSSVDEDYSGPGIPLSLEHRREISATGPPLTPSNGGTGHD,,,
72518,0:22:01,>Mef2 18.108933 0.809430,MGRKKIQISRITDERNRQVTFNKRKFGVMKKAYELSVLCDCEIALIIFSSSNKLYQYASTDMDRVLLKYTEYNEPHESLTNKNIIEKENKNGVMSPDSPEAETDYTLTPRTEAKYNKIDEEFQNMMQRNQMAIGGAGAPRQLPNSSYTLPVSVPVPGSYGDNLLQASPQMSHTNISPRPSSSETDSVYPSGSMLEMSNGYPHSHSPLVGSPSPGPSPGIAHHLSIKQQSPGSQNGRASNLRVVIPPTIAPIPPNMSAPDDVGYADQRQSQTSLNTPVVTLQTPIPALTSYSFGAQDFSSSGVMNSADIMSLNTWHQGLVPHSSLSHLAVSNSTPPPATSPVSIKVKAEPQSPPRDLSASGHQQNSNGSTGSGGSSSSTSSNASGGAGGGGAVSAANVITHLNNVSVLAGGPSGQGGGGGGGGSNGNVEQATNLSVLSHAQQHHLGMPNSRPSSTGHITPTPGAPSSDQDVRLAAVAVQQQQQQPHQQQQLGDYDAPNHKRPRISGGWGT,,,
72518,0:22:01,>CrebB 40.529067 0.804054,MDNSIVEENGNSSAASGSNDVVDVVAQQAAAAVGGGGGGGGGGGGGNPQQQQQNPQSTTAGGPTGATNNAQGGGVSSVLTTTANCNIQYPIQTLAQHGLQVQSVIQANPSGVIQTAAGTQQQQQALAAATAMQKVVYVAKPPNSTVIHTTPGNAVQVRNKIPPTFPCKIKPEPNTQHPEDSDESLSDDDSQHHRSELTRRPSYNKIFTEISGPDMSGKSGGRSLHQSHTHSNTSLSLFKPPHRLTIQCIVELIATHRSFHDALAPGNLSTIPSNSHNAGESVSPSDTIPFSVFVTP,,,
72518,0:22:01,>da 72.614750 0.800000,MATSDDEPMHLYEVFQNCFNKIANKQPTGTVGADRGGGGGYHSPYGSLGVENGMYPSDFNSMHDTVNGGNNRYANASTVDQYFDSAAAGSGGAWCQPQMSSANSYMGQSAYQNSGPLSGHSIDQQQQQVHQADGLGMGGGGGGGVGADGMHCPVTTGLPPISSFRPTSGGIGGPGAGQQAPVNVNVNPPAVFNSPQAHNHNHTVQAQHSALSTAGPLGHHSLNHTPHAHSHTLPLPHALPHGHTLPHPHHSQQNSPAVQSSDAFSGAGASVKVAGAGNSSAAALRQQMYMPADQSISSFGSNPSTPVNSPPPLTQSVVGGGGEPSVSGGSGWGHSVLNGGPSSSYASEMVPVSSLHTMASVFQGVRMEERLDDALNVLRNHCEPEMLAGVNQSLASIDNIDALTSFVPNSPSHLGSGGNSGSVSNTSNAALVHEVLALGAAAAAGTSGQSVGGAGSLASLKLDRSASTSLPKQTKKRKEHTAISNSVPAGVSTTSSLTSLDISDTKPTSSIESSNSGLQQHSQGKGTKRPRRYCSSADEDDDAEPAVKAIREKERRQANNARERIRIRDINEALKELGRMCMTHLKSDKPQTKLGILNMAVEVIMTLEQQVRERNLNPKAACLKRREEEKAEDGPKLSAQHHMIPQPQQVGGTPGSSYHSQPAQLVPPSSQTISTMTISLPVNQANNGLPPHLQQQQQQQSQLGHAQLPQ,,,
